2022-11-11 00:01:22,KesaGataMe0,url,https://www.eki-net.facailll.club/a2ltmdaxmdcwmt9rmdywodfac2hpymf1cmetaxquywmuana,#phishing,https://twitter.com/KesaGataMe0/status/1590857178394791937
2022-11-11 00:01:22,KesaGataMe0,ip,198.98.49.207,#phishing,https://twitter.com/KesaGataMe0/status/1590857178394791937
2022-11-11 00:01:22,KesaGataMe0,url,https://www.eki-net.facailll.club/personal/login,#phishing,https://twitter.com/KesaGataMe0/status/1590857178394791937
2022-11-11 00:10:38,ecarlesi,url,https://59034.org/,#malware,https://twitter.com/ecarlesi/status/1590859509886599174
2022-11-11 00:12:57,ecarlesi,url,https://59034.org/index.html?sharename=59034.org,#malware,https://twitter.com/ecarlesi/status/1590860093523824641
2022-11-11 00:15:13,RdpSnitch,ip,142.93.8.59,,https://twitter.com/RdpSnitch/status/1590860664180035585
2022-11-11 00:15:13,RdpSnitch,ip,47.103.217.148,,https://twitter.com/RdpSnitch/status/1590860662724792320
2022-11-11 00:15:13,RdpSnitch,ip,94.232.46.35,,https://twitter.com/RdpSnitch/status/1590860662724792320
2022-11-11 00:15:13,RdpSnitch,ip,112.216.180.155,,https://twitter.com/RdpSnitch/status/1590860662724792320
2022-11-11 00:15:43,pingineer_jp,url,https://imamaladham.edu.iq/secure/americafirst.com_mark4dgood.zip,#phishing #scam,https://twitter.com/pingineer_jp/status/1590860788860092416
2022-11-11 00:15:43,pingineer_jp,url,https://imamaladham.edu.iq/secure/amfirst/,#phishing #scam,https://twitter.com/pingineer_jp/status/1590860788860092416
2022-11-11 00:18:45,pr0xylife,url,http://ahilacarstrupert.com/,#IcedID,https://twitter.com/pr0xylife/status/1590861551313256448
2022-11-11 00:20:21,pingineer_jp,url,https://abx.martinwoodard.com/mny/vfs/secure/home/,#phishing #scam,https://twitter.com/pingineer_jp/status/1590861955157622785
2022-11-11 00:22:33,KesaGataMe0,ip,204.44.95.133,#phishing,https://twitter.com/KesaGataMe0/status/1590862507669061632
2022-11-11 00:22:33,KesaGataMe0,url,https://epos.qaemsjy.cn,#phishing,https://twitter.com/KesaGataMe0/status/1590862507669061632
2022-11-11 00:24:17,BanChaos,url,http://ly.yjlianyi.top/wp-admin/4cchao/,#Emotet,https://twitter.com/BanChaos/status/1590862946493599744
2022-11-11 00:25:08,Cryptolaemus1,url,https://copunupo.ac.zm/cgi-bin/wffcgx/,,https://twitter.com/Cryptolaemus1/status/1590863159006400512
2022-11-11 00:25:08,Cryptolaemus1,url,http://sbm.xinmoshiwang.com/upload/vaofweb3pw76uo/,,https://twitter.com/Cryptolaemus1/status/1590863159006400512
2022-11-11 00:25:08,Cryptolaemus1,url,https://datie-tw.com/img/o8g0rdzj7mycujypop/,,https://twitter.com/Cryptolaemus1/status/1590863159006400512
2022-11-11 00:26:52,KesaGataMe0,ip,104.129.60.41,#phishing,https://twitter.com/KesaGataMe0/status/1590863594195156992
2022-11-11 00:26:52,KesaGataMe0,url,https://www.rastpress-kurd.com/jp,#phishing,https://twitter.com/KesaGataMe0/status/1590863594195156992
2022-11-11 00:26:52,KesaGataMe0,url,https://www.pimpyourcity.com/jp,#phishing,https://twitter.com/KesaGataMe0/status/1590863594195156992
2022-11-11 00:35:09,ecarlesi,url,http://bglandholdings.org/,#phishing,https://twitter.com/ecarlesi/status/1590865680018161664
2022-11-11 00:36:18,ecarlesi,url,https://security-iformation.info,#phishing,https://twitter.com/ecarlesi/status/1590865969047433216
2022-11-11 00:37:10,v4ensics,url,http://www.ibank.nbg.gr.playresponsible.net,#phishing,https://twitter.com/v4ensics/status/1590866185578778625
2022-11-11 00:38:33,ecarlesi,url,http://5266.apartments/,#malware,https://twitter.com/ecarlesi/status/1590866533630312448
2022-11-11 00:44:43,ecarlesi,url,http://gui8682.biz/,#malware,https://twitter.com/ecarlesi/status/1590868087074480129
2022-11-11 00:45:52,ecarlesi,url,http://gui8683.biz/,#malware,https://twitter.com/ecarlesi/status/1590868375286292481
2022-11-11 00:47:06,KesaGataMe0,ip,45.207.55.40,#phishing,https://twitter.com/KesaGataMe0/status/1590868686201847810
2022-11-11 00:49:36,ecarlesi,url,https://priv-sh1p.info/u/,#phishing,https://twitter.com/ecarlesi/status/1590869317360533506
2022-11-11 00:50:04,ecarlesi,url,https://priv-sh1p.info/u/verification/,#phishing,https://twitter.com/ecarlesi/status/1590869434410885120
2022-11-11 00:51:55,ecarlesi,url,http://gui8684.biz/,#malware,https://twitter.com/ecarlesi/status/1590869900423487488
2022-11-11 00:53:52,ecarlesi,url,https://gui8682.biz/,#malware,https://twitter.com/ecarlesi/status/1590870390217252864
2022-11-11 00:54:16,ecarlesi,url,https://gui8684.biz/,#malware,https://twitter.com/ecarlesi/status/1590870491614552065
2022-11-11 00:58:47,ecarlesi,url,https://sec-wells.info/,#phishing,https://twitter.com/ecarlesi/status/1590871628908728320
2022-11-11 01:03:53,ecarlesi,url,https://port1check1.info/access/ebanking.cportcu.org.zip,#phishing,https://twitter.com/ecarlesi/status/1590872909836427265
2022-11-11 01:22:16,ecarlesi,url,http://suresquareamen.top/square/,#phishing,https://twitter.com/ecarlesi/status/1590877535877099520
2022-11-11 01:23:06,ecarlesi,url,http://78504.org/,#malware,https://twitter.com/ecarlesi/status/1590877745747316736
2022-11-11 01:23:07,ecarlesi,url,http://78506.org/,#malware,https://twitter.com/ecarlesi/status/1590877749778022400
2022-11-11 01:23:07,ecarlesi,url,http://78519.org/,#malware,https://twitter.com/ecarlesi/status/1590877748989693952
2022-11-11 01:23:08,ecarlesi,url,http://78502.org/,#malware,https://twitter.com/ecarlesi/status/1590877756115791872
2022-11-11 01:23:08,ecarlesi,url,http://78522.org/,#malware,https://twitter.com/ecarlesi/status/1590877752974008321
2022-11-11 01:23:08,ecarlesi,url,http://78501.org/,#malware,https://twitter.com/ecarlesi/status/1590877755473788928
2022-11-11 01:23:08,ecarlesi,url,http://78511.org/,#malware,https://twitter.com/ecarlesi/status/1590877752898355200
2022-11-11 01:23:08,ecarlesi,url,http://78513.org/index.html?sharename=78513.org,#malware,https://twitter.com/ecarlesi/status/1590877752969789443
2022-11-11 01:23:10,ecarlesi,url,http://78528.org/,#malware,https://twitter.com/ecarlesi/status/1590877762180370432
2022-11-11 01:23:12,ecarlesi,url,http://78514.org/index.html?sharename=78514.org,#malware,https://twitter.com/ecarlesi/status/1590877771441795073
2022-11-11 01:23:18,ecarlesi,url,http://78518.org/,#malware,https://twitter.com/ecarlesi/status/1590877795311243264
2022-11-11 01:23:20,ecarlesi,url,http://75307.net/,#malware,https://twitter.com/ecarlesi/status/1590877806254252033
2022-11-11 01:23:20,ecarlesi,url,http://78508.org/,#malware,https://twitter.com/ecarlesi/status/1590877805100818433
2022-11-11 01:23:31,ecarlesi,url,http://75923.net/,#malware,https://twitter.com/ecarlesi/status/1590877852966297600
2022-11-11 01:23:53,ecarlesi,url,http://75807.net/,#malware,https://twitter.com/ecarlesi/status/1590877942619439106
2022-11-11 01:24:47,ecarlesi,url,http://78527.org/,#malware,https://twitter.com/ecarlesi/status/1590878171716386816
2022-11-11 01:24:47,ecarlesi,url,http://78517.org/,#malware,https://twitter.com/ecarlesi/status/1590878171863592962
2022-11-11 01:24:50,ecarlesi,url,http://78503.org/,#malware,https://twitter.com/ecarlesi/status/1590878182861074433
2022-11-11 01:24:50,ecarlesi,url,http://78509.org/,#malware,https://twitter.com/ecarlesi/status/1590878182428770306
2022-11-11 01:24:50,ecarlesi,url,http://78515.org/,#malware,https://twitter.com/ecarlesi/status/1590878182831448065
2022-11-11 01:26:57,ecarlesi,url,http://78525.org/,#malware,https://twitter.com/ecarlesi/status/1590878715176624129
2022-11-11 01:27:17,ecarlesi,url,http://78511.org/index.html?sharename=78511.org,#malware,https://twitter.com/ecarlesi/status/1590878798311960576
2022-11-11 01:27:20,ecarlesi,url,http://78517.org/index.html?sharename=78517.org,#malware,https://twitter.com/ecarlesi/status/1590878811620622339
2022-11-11 01:27:26,ecarlesi,url,http://78519.org/index.html?sharename=78519.org,#malware,https://twitter.com/ecarlesi/status/1590878836631212032
2022-11-11 01:27:29,ecarlesi,url,https://netflverifpayfailure.xyz/netflix.zip,#phishing,https://twitter.com/ecarlesi/status/1590878849323106304
2022-11-11 01:28:41,romonlyht,ip,180.76.206.203,#phishing,https://twitter.com/romonlyht/status/1590879151724326912
2022-11-11 01:28:41,romonlyht,url,https://jp.amjbe1x.club/,#phishing,https://twitter.com/romonlyht/status/1590879151724326912
2022-11-11 01:28:41,romonlyht,ip,157.245.49.23,#phishing,https://twitter.com/romonlyht/status/1590879151724326912
2022-11-11 01:28:54,ecarlesi,url,https://khyj.org/,#phishing,https://twitter.com/ecarlesi/status/1590879207546028034
2022-11-11 01:29:23,ecarlesi,url,https://221smain.com/ibilling%20v4.9.1.zip,#phishing,https://twitter.com/ecarlesi/status/1590879326538448896
2022-11-11 01:30:38,romonlyht,ip,106.13.111.43,#phishing,https://twitter.com/romonlyht/status/1590879643695214592
2022-11-11 01:30:38,romonlyht,url,https://kakunin.amjbe1x.club/,#phishing,https://twitter.com/romonlyht/status/1590879643695214592
2022-11-11 01:30:45,ecarlesi,url,https://221smain.com/rooms.zip,#phishing,https://twitter.com/ecarlesi/status/1590879672786558978
2022-11-11 01:31:32,AP_Zenmashi,url,https://amjbe1x.club,#phishing #scam,https://twitter.com/AP_Zenmashi/status/1590879867171545088
2022-11-11 01:32:43,ecarlesi,url,http://78501.org/index.html?sharename=78501.org,#malware,https://twitter.com/ecarlesi/status/1590880165235634176
2022-11-11 01:32:47,AP_Zenmashi,url,https://jp.amjbe1x.club,#phishing #scam,https://twitter.com/AP_Zenmashi/status/1590880182537453568
2022-11-11 01:33:09,ecarlesi,url,http://78508.org/index.html?sharename=78508.org,#malware,https://twitter.com/ecarlesi/status/1590880274514317312
2022-11-11 01:33:09,ecarlesi,url,http://78527.org/index.html?sharename=78527.org,#malware,https://twitter.com/ecarlesi/status/1590880274287575040
2022-11-11 01:33:10,ecarlesi,url,http://78505.org/,#malware,https://twitter.com/ecarlesi/status/1590880280017272834
2022-11-11 01:33:34,ecarlesi,url,http://membercu-verify.top/new%20members%20credit%20union.zip,#phishing,https://twitter.com/ecarlesi/status/1590880380017840130
2022-11-11 01:33:36,ecarlesi,url,http://78503.org/index.html?sharename=78503.org,#malware,https://twitter.com/ecarlesi/status/1590880388007997441
2022-11-11 01:33:37,ecarlesi,url,http://78502.org/index.html?sharename=78502.org,#malware,https://twitter.com/ecarlesi/status/1590880392482934784
2022-11-11 01:33:37,ecarlesi,url,http://78528.org/index.html?sharename=78528.org,#malware,https://twitter.com/ecarlesi/status/1590880392453976064
2022-11-11 01:33:37,ecarlesi,url,http://78525.org/index.html?sharename=78525.org,#malware,https://twitter.com/ecarlesi/status/1590880392067878914
2022-11-11 01:33:37,ecarlesi,url,http://85637.net/,#malware,https://twitter.com/ecarlesi/status/1590880392449445889
2022-11-11 01:33:38,ecarlesi,url,http://78504.org/index.html?sharename=78504.org,#malware,https://twitter.com/ecarlesi/status/1590880395758813184
2022-11-11 01:33:38,ecarlesi,url,http://78509.org/index.html?sharename=78509.org,#malware,https://twitter.com/ecarlesi/status/1590880395934851074
2022-11-11 01:33:39,ecarlesi,url,http://78506.org/index.html?sharename=78506.org,#malware,https://twitter.com/ecarlesi/status/1590880402629365768
2022-11-11 01:33:40,ecarlesi,url,http://78518.org/index.html?sharename=78518.org,#malware,https://twitter.com/ecarlesi/status/1590880405971951616
2022-11-11 01:33:40,ecarlesi,url,http://78515.org/index.html?sharename=78515.org,#malware,https://twitter.com/ecarlesi/status/1590880405837811712
2022-11-11 01:34:24,AP_Zenmashi,url,https://kakunin.amjbe1x.club,#phishing #scam,https://twitter.com/AP_Zenmashi/status/1590880591507230720
2022-11-11 01:34:36,ecarlesi,url,http://85032.net/,#malware,https://twitter.com/ecarlesi/status/1590880638856359937
2022-11-11 01:34:36,ecarlesi,url,http://85923.net/,#malware,https://twitter.com/ecarlesi/status/1590880640337166336
2022-11-11 01:34:39,quicksandphish,url,https://wilnahum.bond/client/index.php,#phishing,https://twitter.com/quicksandphish/status/1590880651103772672
2022-11-11 01:34:47,ecarlesi,url,https://hottesttopics4k.xyz/instagram/,#phishing,https://twitter.com/ecarlesi/status/1590880687200116736
2022-11-11 01:34:48,ecarlesi,url,http://78522.org/index.html?sharename=78522.org,#malware,https://twitter.com/ecarlesi/status/1590880691558010880
2022-11-11 01:35:23,ecarlesi,url,https://ameli-assurer.net,#phishing,https://twitter.com/ecarlesi/status/1590880836668342272
2022-11-11 01:35:23,ecarlesi,url,http://asasuresqauere.xyz/,#phishing,https://twitter.com/ecarlesi/status/1590880839436410881
2022-11-11 01:35:25,ecarlesi,url,http://78521.org/,#malware,https://twitter.com/ecarlesi/status/1590880847468658690
2022-11-11 01:35:43,AP_Zenmashi,url,https://miacerdmyid08.xyz,#phishing #scam,https://twitter.com/AP_Zenmashi/status/1590880920948514816
2022-11-11 01:35:43,AP_Zenmashi,ip,204.44.92.35,#phishing #scam,https://twitter.com/AP_Zenmashi/status/1590880920948514816
2022-11-11 01:35:45,ecarlesi,url,https://hottesttopics4k.xyz/instagram/login.html,#phishing,https://twitter.com/ecarlesi/status/1590880928892592128
2022-11-11 01:36:09,ecarlesi,url,http://ameii-assurer.net,#phishing,https://twitter.com/ecarlesi/status/1590881029702979586
2022-11-11 01:36:58,AP_Zenmashi,url,https://miacerdmyid01.xyz,#phishing #scam,https://twitter.com/AP_Zenmashi/status/1590881236452782080
2022-11-11 01:36:59,ecarlesi,url,http://78505.org/index.html?sharename=78505.org,#malware,https://twitter.com/ecarlesi/status/1590881242408370177
2022-11-11 01:37:25,ecarlesi,url,http://78521.org/index.html?sharename=78521.org,#malware,https://twitter.com/ecarlesi/status/1590881349149552641
2022-11-11 01:38:12,AP_Zenmashi,url,https://miacerdmyid08.top,#phishing #scam,https://twitter.com/AP_Zenmashi/status/1590881547762089984
2022-11-11 01:38:39,ecarlesi,url,http://85307.net/,#malware,https://twitter.com/ecarlesi/status/1590881659343224835
2022-11-11 01:39:26,AP_Zenmashi,url,https://miacerdmyid.top,#phishing #scam,https://twitter.com/AP_Zenmashi/status/1590881858044104704
2022-11-11 01:40:41,AP_Zenmashi,url,https://miacerdmyid.xyz,#phishing #scam,https://twitter.com/AP_Zenmashi/status/1590882169483771905
2022-11-11 01:40:48,romonlyht,url,https://www.top10autoresponders.com/jp.php,#phishing,https://twitter.com/romonlyht/status/1590882200073162752
2022-11-11 01:40:48,romonlyht,ip,155.94.177.63,#phishing,https://twitter.com/romonlyht/status/1590882200073162752
2022-11-11 01:40:48,romonlyht,ip,114.104.134.32,#phishing,https://twitter.com/romonlyht/status/1590882200073162752
2022-11-11 01:41:56,AP_Zenmashi,url,https://miacerdmyid01.top,#phishing #scam,https://twitter.com/AP_Zenmashi/status/1590882484442787840
2022-11-11 01:42:27,romonlyht,url,https://www.ygg88.com/jp.php,#phishing,https://twitter.com/romonlyht/status/1590882614822719488
2022-11-11 01:42:27,romonlyht,ip,175.150.75.159,#phishing,https://twitter.com/romonlyht/status/1590882614822719488
2022-11-11 01:42:57,AP_Zenmashi,ip,202.61.137.16,#phishing #scam,https://twitter.com/AP_Zenmashi/status/1590882740295335941
2022-11-11 01:46:53,drb_ra,ip,139.159.201.93,#CobaltStrike,https://twitter.com/drb_ra/status/1590883731228819457
2022-11-11 01:48:22,pingineer_jp,ip,165.232.132.250,#phishing #scam,https://twitter.com/pingineer_jp/status/1590884107038654464
2022-11-11 01:48:22,pingineer_jp,domain,s.amsoezes-jp.icu,#phishing #scam,https://twitter.com/pingineer_jp/status/1590884107038654464
2022-11-11 01:48:29,pingineer_jp,domain,s.amsouzes-jp.icu,#phishing #scam,https://twitter.com/pingineer_jp/status/1590884134570045440
2022-11-11 01:48:36,pingineer_jp,domain,s.amseuaes-jp.icu,#phishing #scam,https://twitter.com/pingineer_jp/status/1590884162256326657
2022-11-11 01:48:42,pingineer_jp,domain,s.amseszes-jp.icu,#phishing #scam,https://twitter.com/pingineer_jp/status/1590884189661904896
2022-11-11 01:48:49,pingineer_jp,domain,xqeunk.shop,#phishing #scam,https://twitter.com/pingineer_jp/status/1590884216656777216
2022-11-11 01:48:49,pingineer_jp,ip,198.55.122.48,#phishing #scam,https://twitter.com/pingineer_jp/status/1590884216656777216
2022-11-11 01:48:55,pingineer_jp,domain,pimpyourcity.com,#phishing #scam,https://twitter.com/pingineer_jp/status/1590884243890008064
2022-11-11 01:49:01,pingineer_jp,domain,s.amusrerus-jp.icu,#phishing #scam,https://twitter.com/pingineer_jp/status/1590884269538553856
2022-11-11 01:49:01,pingineer_jp,ip,144.126.221.170,#phishing #scam,https://twitter.com/pingineer_jp/status/1590884269538553856
2022-11-11 01:49:08,pingineer_jp,domain,s.amueuses-jp.icu,#phishing #scam,https://twitter.com/pingineer_jp/status/1590884297057390592
2022-11-11 01:49:14,pingineer_jp,domain,s.amuszarus-jp.icu,#phishing #scam,https://twitter.com/pingineer_jp/status/1590884322214830080
2022-11-11 01:49:20,pingineer_jp,ip,47.87.162.137,#phishing #scam,https://twitter.com/pingineer_jp/status/1590884347707785216
2022-11-11 01:49:20,pingineer_jp,domain,linkin-etc.co-jp.yujiayun.com.cn,#phishing #scam,https://twitter.com/pingineer_jp/status/1590884347707785216
2022-11-11 01:49:26,pingineer_jp,ip,159.89.125.249,#phishing #scam,https://twitter.com/pingineer_jp/status/1590884375280787456
2022-11-11 01:49:26,pingineer_jp,domain,linkindi-ect-jp.blavalauto.com.cn,#phishing #scam,https://twitter.com/pingineer_jp/status/1590884375280787456
2022-11-11 01:49:33,pingineer_jp,domain,saisooan-co-jp.aecardoecoen.ypzcux.top,#phishing #scam,https://twitter.com/pingineer_jp/status/1590884401113546753
2022-11-11 01:49:33,pingineer_jp,ip,66.154.107.13,#phishing #scam,https://twitter.com/pingineer_jp/status/1590884401113546753
2022-11-11 01:49:39,pingineer_jp,domain,saiseoan-co-jp.accaordecoe.lwfmbn.top,#phishing #scam,https://twitter.com/pingineer_jp/status/1590884427059429377
2022-11-11 01:49:46,pingineer_jp,domain,saisooan-co-jp.aesaordscos.kgzqax.top,#phishing #scam,https://twitter.com/pingineer_jp/status/1590884456692207616
2022-11-11 01:49:52,pingineer_jp,domain,saisooan-co-jp.aacardoncoen.fsbdct.top,#phishing #scam,https://twitter.com/pingineer_jp/status/1590884482604683265
2022-11-11 01:49:58,pingineer_jp,domain,saissoan-co-jp.accardescon.cwrskp.top,#phishing #scam,https://twitter.com/pingineer_jp/status/1590884509431779330
2022-11-11 01:50:05,pingineer_jp,domain,saissoan-co-jp.aecardnscon.tftcps.top,#phishing #scam,https://twitter.com/pingineer_jp/status/1590884535826161665
2022-11-11 01:50:11,pingineer_jp,domain,saiseocn-co-jp.aecardeseen.kxywou.top,#phishing #scam,https://twitter.com/pingineer_jp/status/1590884563320205313
2022-11-11 01:50:18,pingineer_jp,domain,saisooan-co-jp.aacardoncoen.snkito.top,#phishing #scam,https://twitter.com/pingineer_jp/status/1590884590645698560
2022-11-11 01:50:24,pingineer_jp,domain,saisooan-co-jp.aesaordecos.hxdflg.top,#phishing #scam,https://twitter.com/pingineer_jp/status/1590884617166282753
2022-11-11 01:50:30,pingineer_jp,domain,saisooan-co-jp.aesardoecoe.rddivb.top,#phishing #scam,https://twitter.com/pingineer_jp/status/1590884642961338368
2022-11-11 01:50:37,pingineer_jp,domain,saisooan-co-jp.aecaordecose.rxquwv.top,#phishing #scam,https://twitter.com/pingineer_jp/status/1590884669804855296
2022-11-11 01:50:43,pingineer_jp,domain,saiseoan-co-jp.aecardesco.pexipx.top,#phishing #scam,https://twitter.com/pingineer_jp/status/1590884695880785921
2022-11-11 01:50:49,pingineer_jp,domain,saissoan-co-jp.aecaordncoe.hqajww.top,#phishing #scam,https://twitter.com/pingineer_jp/status/1590884722757931008
2022-11-11 01:50:55,pingineer_jp,domain,saisooan-co-jp.aacaordocoe.diyuoy.top,#phishing #scam,https://twitter.com/pingineer_jp/status/1590884748687069184
2022-11-11 01:51:02,pingineer_jp,domain,saissoan-co-jp.aacaordncoe.ogjaik.top,#phishing #scam,https://twitter.com/pingineer_jp/status/1590884774314332161
2022-11-11 01:51:08,pingineer_jp,domain,saiseoan-co-jp.aecaordncoe.iuatzi.top,#phishing #scam,https://twitter.com/pingineer_jp/status/1590884801317216256
2022-11-11 01:51:14,pingineer_jp,domain,saisooan-co-jp.aacaordocose.gvgouj.top,#phishing #scam,https://twitter.com/pingineer_jp/status/1590884828454408192
2022-11-11 01:51:21,pingineer_jp,domain,saiseoan-co-jp.accaordecoe.hqajww.top,#phishing #scam,https://twitter.com/pingineer_jp/status/1590884854488367104
2022-11-11 01:51:27,pingineer_jp,domain,saisooan-co-jp.acsardoecoe.snkito.top,#phishing #scam,https://twitter.com/pingineer_jp/status/1590884881973727232
2022-11-11 01:51:34,pingineer_jp,domain,saisooan-co-jp.aecardencoen.axqtri.top,#phishing #scam,https://twitter.com/pingineer_jp/status/1590884911694520325
2022-11-11 01:51:41,pingineer_jp,domain,saissoan-co-jp.accardescon.rfqmit.top,#phishing #scam,https://twitter.com/pingineer_jp/status/1590884939024592897
2022-11-11 01:51:42,AP_Zenmashi,url,https://kuronekoyamato.yssekk.shop,#phishing #scam,https://twitter.com/AP_Zenmashi/status/1590884944393695233
2022-11-11 01:51:42,AP_Zenmashi,ip,104.129.63.36,#phishing #scam,https://twitter.com/AP_Zenmashi/status/1590884944393695233
2022-11-11 01:51:47,pingineer_jp,domain,saissoan-co-jp.aecardnscon.btvepx.top,#phishing #scam,https://twitter.com/pingineer_jp/status/1590884965255815168
2022-11-11 01:51:53,pingineer_jp,domain,saiseocn-co-jp.aacardnseen.kxywou.top,#phishing #scam,https://twitter.com/pingineer_jp/status/1590884991256662017
2022-11-11 01:52:00,pingineer_jp,domain,saisooan-co-jp.aacaordocose.fyfhli.top,#phishing #scam,https://twitter.com/pingineer_jp/status/1590885018905489408
2022-11-11 01:52:06,pingineer_jp,domain,saiseoan-co-jp.aecardesco.yqksfw.top,#phishing #scam,https://twitter.com/pingineer_jp/status/1590885045111508992
2022-11-11 01:52:13,pingineer_jp,domain,saiseoan-co-jp.aecaordncoe.rddivb.top,#phishing #scam,https://twitter.com/pingineer_jp/status/1590885072378351616
2022-11-11 01:52:19,pingineer_jp,domain,saiseoan-co-jp.accardescon.rixsax.top,#phishing #scam,https://twitter.com/pingineer_jp/status/1590885098270126080
2022-11-11 01:52:25,pingineer_jp,domain,saisooan-co-jp.aasaordocos.nqnlne.top,#phishing #scam,https://twitter.com/pingineer_jp/status/1590885124354498560
2022-11-11 01:52:31,pingineer_jp,ip,104.129.63.93,#phishing #scam,https://twitter.com/pingineer_jp/status/1590885151168659457
2022-11-11 01:52:31,pingineer_jp,domain,saiseocn-co-jp.accardeseen.ffuvdl.top,#phishing #scam,https://twitter.com/pingineer_jp/status/1590885151168659457
2022-11-11 01:52:38,pingineer_jp,domain,saisoocn-co-jp.aesaordsnes.bdxpym.top,#phishing #scam,https://twitter.com/pingineer_jp/status/1590885177328168960
2022-11-11 01:52:44,pingineer_jp,domain,saicocn-co-jp.aacaordosee.xuxidi.top,#phishing #scam,https://twitter.com/pingineer_jp/status/1590885203127730176
2022-11-11 01:52:50,pingineer_jp,domain,saicocn-co-jp.aecardsnesen.rnyheq.top,#phishing #scam,https://twitter.com/pingineer_jp/status/1590885230554271744
2022-11-11 01:52:56,pingineer_jp,domain,saicscn-co-jp.aacardnseen.grptou.top,#phishing #scam,https://twitter.com/pingineer_jp/status/1590885256265027585
2022-11-11 01:53:03,pingineer_jp,domain,saisoocn-co-jp.aecardoseen.gcnmak.top,#phishing #scam,https://twitter.com/pingineer_jp/status/1590885282362318848
2022-11-11 01:53:09,pingineer_jp,domain,saicocn-co-jp.aecardsnesen.wdhqcl.top,#phishing #scam,https://twitter.com/pingineer_jp/status/1590885308496633856
2022-11-11 01:53:15,pingineer_jp,domain,saicecn-co-jp.aecaordnsee.qefdpc.top,#phishing #scam,https://twitter.com/pingineer_jp/status/1590885334132195328
2022-11-11 01:53:21,pingineer_jp,domain,saicocn-co-jp.acsaordoees.oghjyn.top,#phishing #scam,https://twitter.com/pingineer_jp/status/1590885360904851456
2022-11-11 01:53:28,pingineer_jp,domain,saisoocn-co-jp.accardoseen.iobzqm.top,#phishing #scam,https://twitter.com/pingineer_jp/status/1590885388188815362
2022-11-11 01:53:34,pingineer_jp,domain,saicscn-co-jp.aecardnseen.btjkot.top,#phishing #scam,https://twitter.com/pingineer_jp/status/1590885414444769280
2022-11-11 01:53:40,pingineer_jp,domain,saicscn-co-jp.aacardnseen.ffuvdl.top,#phishing #scam,https://twitter.com/pingineer_jp/status/1590885440458231813
2022-11-11 01:53:47,pingineer_jp,domain,saicocn-co-jp.aecaordonese.cmbwfs.top,#phishing #scam,https://twitter.com/pingineer_jp/status/1590885466827476992
2022-11-11 01:53:53,pingineer_jp,domain,saicocn-co-jp.aecaordosee.zensvi.top,#phishing #scam,https://twitter.com/pingineer_jp/status/1590885494354608128
2022-11-11 01:53:59,pingineer_jp,domain,saicocn-co-jp.aesardsnese.jrcngw.top,#phishing #scam,https://twitter.com/pingineer_jp/status/1590885520472969216
2022-11-11 01:54:06,pingineer_jp,domain,saiseocn-co-jp.aacaordnsee.vxjinl.top,#phishing #scam,https://twitter.com/pingineer_jp/status/1590885547920470016
2022-11-11 01:54:12,pingineer_jp,domain,saicscn-co-jp.aecaordesee.oyjeia.top,#phishing #scam,https://twitter.com/pingineer_jp/status/1590885574621073408
2022-11-11 01:54:19,pingineer_jp,domain,saissocn-co-jp.accardeseen.zensvi.top,#phishing #scam,https://twitter.com/pingineer_jp/status/1590885600848384000
2022-11-11 01:54:25,pingineer_jp,domain,saicocn-co-jp.aesardonese.jrcngw.top,#phishing #scam,https://twitter.com/pingineer_jp/status/1590885627725160448
2022-11-11 01:54:31,pingineer_jp,domain,saicscn-co-jp.aecardeseen.merecw.top,#phishing #scam,https://twitter.com/pingineer_jp/status/1590885654090563584
2022-11-11 01:54:38,pingineer_jp,domain,saisoocn-co-jp.aecardoseen.gabdjl.top,#phishing #scam,https://twitter.com/pingineer_jp/status/1590885680149803008
2022-11-11 01:54:44,pingineer_jp,domain,saicocn-co-jp.aasardonese.jsuoih.top,#phishing #scam,https://twitter.com/pingineer_jp/status/1590885706905178112
2022-11-11 01:54:50,pingineer_jp,domain,saicocn-co-jp.acsaordoees.uqoynh.top,#phishing #scam,https://twitter.com/pingineer_jp/status/1590885732750528512
2022-11-11 01:54:56,pingineer_jp,domain,saicocn-co-jp.aesaordenes.vrhmmy.top,#phishing #scam,https://twitter.com/pingineer_jp/status/1590885758961086464
2022-11-11 01:55:03,pingineer_jp,domain,saicocn-co-jp.accaordosee.uqoynh.top,#phishing #scam,https://twitter.com/pingineer_jp/status/1590885785523220481
2022-11-11 01:55:09,pingineer_jp,domain,saicecn-co-jp.aecaordesee.rnyheq.top,#phishing #scam,https://twitter.com/pingineer_jp/status/1590885811037556736
2022-11-11 01:55:15,pingineer_jp,domain,saicocn-co-jp.aesardoeese.vgeijc.top,#phishing #scam,https://twitter.com/pingineer_jp/status/1590885838140764161
2022-11-11 01:55:20,ecarlesi,url,https://directionfacturationlaposte.com,#phishing,https://twitter.com/ecarlesi/status/1590885858579824642
2022-11-11 01:55:21,pingineer_jp,domain,saicscn-co-jp.aacardnseen.wkjfsl.top,#phishing #scam,https://twitter.com/pingineer_jp/status/1590885864078385153
2022-11-11 01:55:28,pingineer_jp,domain,saicocn-co-jp.aecardonesen.iobzqm.top,#phishing #scam,https://twitter.com/pingineer_jp/status/1590885890637049856
2022-11-11 01:55:34,pingineer_jp,domain,saicocn-co-jp.aasardonese.jrcngw.top,#phishing #scam,https://twitter.com/pingineer_jp/status/1590885916348141575
2022-11-11 01:55:40,pingineer_jp,domain,saicocn-co-jp.aesardoeese.merecw.top,#phishing #scam,https://twitter.com/pingineer_jp/status/1590885942956789761
2022-11-11 01:55:47,pingineer_jp,domain,saicocn-co-jp.accaordosee.vrdnlm.top,#phishing #scam,https://twitter.com/pingineer_jp/status/1590885969577660416
2022-11-11 01:55:53,pingineer_jp,domain,saicocn-co-jp.aecaordonese.qefdpc.top,#phishing #scam,https://twitter.com/pingineer_jp/status/1590885995918286848
2022-11-11 01:55:59,pingineer_jp,domain,saisoocn-co-jp.accardoseen.ifvvmk.top,#phishing #scam,https://twitter.com/pingineer_jp/status/1590886021989748736
2022-11-11 01:56:05,pingineer_jp,domain,saicocn-co-jp.aesardoeese.tfqcmr.top,#phishing #scam,https://twitter.com/pingineer_jp/status/1590886048074149888
2022-11-11 01:56:11,pingineer_jp,domain,saicscn-co-jp.accardeseen.cmbwfs.top,#phishing #scam,https://twitter.com/pingineer_jp/status/1590886073894600704
2022-11-11 01:56:18,pingineer_jp,domain,saicscn-co-jp.aacaordnsee.iobzqm.top,#phishing #scam,https://twitter.com/pingineer_jp/status/1590886099463077888
2022-11-11 01:56:24,pingineer_jp,domain,saicocn-co-jp.aacaordonese.vrdnlm.top,#phishing #scam,https://twitter.com/pingineer_jp/status/1590886125391863808
2022-11-11 01:56:30,pingineer_jp,domain,saisoocn-co-jp.aasaordones.jsuoih.top,#phishing #scam,https://twitter.com/pingineer_jp/status/1590886151367577600
2022-11-11 01:56:36,pingineer_jp,domain,saicecn-co-jp.aacaordnsee.qeqruz.top,#phishing #scam,https://twitter.com/pingineer_jp/status/1590886177464553473
2022-11-11 01:56:42,pingineer_jp,domain,saicocn-co-jp.aecaordoeese.oyjeia.top,#phishing #scam,https://twitter.com/pingineer_jp/status/1590886203309506560
2022-11-11 01:56:49,pingineer_jp,domain,saicocn-co-jp.aecaordenese.vrhmmy.top,#phishing #scam,https://twitter.com/pingineer_jp/status/1590886230547656705
2022-11-11 01:56:55,pingineer_jp,domain,saissocn-co-jp.accardeseen.vrdnlm.top,#phishing #scam,https://twitter.com/pingineer_jp/status/1590886256019664898
2022-11-11 01:57:01,pingineer_jp,domain,saicecn-co-jp.accardeseen.btjkot.top,#phishing #scam,https://twitter.com/pingineer_jp/status/1590886281755533312
2022-11-11 01:57:07,pingineer_jp,domain,saisoocn-co-jp.aesaordenes.vgeijc.top,#phishing #scam,https://twitter.com/pingineer_jp/status/1590886307622187008
2022-11-11 01:57:13,pingineer_jp,domain,saicecn-co-jp.accardeseen.vgeijc.top,#phishing #scam,https://twitter.com/pingineer_jp/status/1590886333420953601
2022-11-11 01:57:20,pingineer_jp,domain,saicocn-co-jp.aecaordonese.grptou.top,#phishing #scam,https://twitter.com/pingineer_jp/status/1590886361363804160
2022-11-11 01:57:26,pingineer_jp,domain,saicocn-co-jp.aecardoeesen.zbnhhe.top,#phishing #scam,https://twitter.com/pingineer_jp/status/1590886386994802688
2022-11-11 01:57:32,pingineer_jp,domain,saisoocn-co-jp.acsaordoees.cmbwfs.top,#phishing #scam,https://twitter.com/pingineer_jp/status/1590886413477720064
2022-11-11 01:57:38,pingineer_jp,domain,saicocn-co-jp.aecardoeesen.axevxz.top,#phishing #scam,https://twitter.com/pingineer_jp/status/1590886439184527360
2022-11-11 01:57:45,pingineer_jp,domain,saisoocn-co-jp.aesaordoees.bdxpym.top,#phishing #scam,https://twitter.com/pingineer_jp/status/1590886464979554304
2022-11-11 01:57:51,pingineer_jp,domain,saicocn-co-jp.aesaordones.eypxtw.top,#phishing #scam,https://twitter.com/pingineer_jp/status/1590886490741313537
2022-11-11 01:57:57,pingineer_jp,domain,saiseocn-co-jp.accardeseen.vxjinl.top,#phishing #scam,https://twitter.com/pingineer_jp/status/1590886516423024640
2022-11-11 01:58:03,pingineer_jp,domain,www3.momenshengdian.com,#phishing #scam,https://twitter.com/pingineer_jp/status/1590886542960394240
2022-11-11 01:58:09,pingineer_jp,domain,kakunin.amjbe1x.club,#phishing #scam,https://twitter.com/pingineer_jp/status/1590886568947957761
2022-11-11 01:58:16,pingineer_jp,domain,jp.amjbe1x.club,#phishing #scam,https://twitter.com/pingineer_jp/status/1590886594969767936
2022-11-11 01:58:22,pingineer_jp,domain,connecct-login.akcayataemlak.com,#phishing #scam,https://twitter.com/pingineer_jp/status/1590886621993259008
2022-11-11 01:58:22,pingineer_jp,ip,204.44.93.62,#phishing #scam,https://twitter.com/pingineer_jp/status/1590886621993259008
2022-11-11 01:58:29,pingineer_jp,domain,connecct-login.aidanharold.com,#phishing #scam,https://twitter.com/pingineer_jp/status/1590886649205923840
2022-11-11 01:58:35,pingineer_jp,domain,rastpress-kurd.com,#phishing #scam,https://twitter.com/pingineer_jp/status/1590886674984480768
2022-11-11 01:59:02,Dkavalanche,domain,voltasorte.3utilities.com,#malware,https://twitter.com/Dkavalanche/status/1590886788864049153
2022-11-11 01:59:02,Dkavalanche,domain,sulgran.servegame.com,#malware,https://twitter.com/Dkavalanche/status/1590886788864049153
2022-11-11 02:04:39,quicksandphish,url,https://wilnahum.bond/client/index_sp.php,#phishing,https://twitter.com/quicksandphish/status/1590888203615014912
2022-11-11 02:05:20,ecarlesi,url,http://vroewnly.click/slang/square-rd971-new-detail-thank/,#phishing,https://twitter.com/ecarlesi/status/1590888373547421696
2022-11-11 02:05:34,ecarlesi,url,https://of-tfa5.online,#phishing,https://twitter.com/ecarlesi/status/1590888431738945537
2022-11-11 02:05:42,romonlyht,ip,106.12.143.36,#phishing,https://twitter.com/romonlyht/status/1590888467084750848
2022-11-11 02:05:42,romonlyht,url,http://www.saicecn-co-jp.aacaordnsee.qefdpc.top/,#phishing,https://twitter.com/romonlyht/status/1590888467084750848
2022-11-11 02:06:19,ecarlesi,url,http://web-uspsalerts.info/,#phishing,https://twitter.com/ecarlesi/status/1590888621149757447
2022-11-11 02:07:32,ecarlesi,url,http://coimews.info/,#phishing,https://twitter.com/ecarlesi/status/1590888927090864129
2022-11-11 02:07:43,ecarlesi,url,http://web-uspsalerts.info/verification/,#phishing,https://twitter.com/ecarlesi/status/1590888974662631424
2022-11-11 02:09:00,ecarlesi,url,http://accescoppel.online/,#phishing,https://twitter.com/ecarlesi/status/1590889298781503490
2022-11-11 02:09:13,romonlyht,url,http://www.saicocn-co-jp.aacardonesen.cmbwfs.top/,#phishing,https://twitter.com/romonlyht/status/1590889351608963072
2022-11-11 02:09:13,romonlyht,ip,120.48.105.224,#phishing,https://twitter.com/romonlyht/status/1590889351608963072
2022-11-11 02:09:37,ecarlesi,url,http://t9-irz.info,#phishing,https://twitter.com/ecarlesi/status/1590889453240852480
2022-11-11 02:11:37,romonlyht,url,http://www.saicocn-co-jp.aacardonesen.vgeijc.top/,#phishing,https://twitter.com/romonlyht/status/1590889955030863874
2022-11-11 02:11:37,romonlyht,ip,106.13.116.129,#phishing,https://twitter.com/romonlyht/status/1590889955030863874
2022-11-11 02:13:17,ecarlesi,url,https://71582.voto/,#malware,https://twitter.com/ecarlesi/status/1590890375077502976
2022-11-11 02:14:13,ecarlesi,url,http://informationdata48123.one/,#phishing,https://twitter.com/ecarlesi/status/1590890611846123523
2022-11-11 02:14:14,ecarlesi,url,http://informationdata35423.shop/,#phishing,https://twitter.com/ecarlesi/status/1590890614694023170
2022-11-11 02:14:14,ecarlesi,url,http://informationdata65894.one/,#phishing,https://twitter.com/ecarlesi/status/1590890615721627649
2022-11-11 02:14:16,ecarlesi,url,http://informationdata34347.one/,#phishing,https://twitter.com/ecarlesi/status/1590890621044248576
2022-11-11 02:14:16,ecarlesi,url,http://informationdata4182.one/,#phishing,https://twitter.com/ecarlesi/status/1590890624210784257
2022-11-11 02:14:20,ecarlesi,url,http://informationdata2584.one/,#phishing,https://twitter.com/ecarlesi/status/1590890641613099008
2022-11-11 02:14:27,ecarlesi,url,https://checkingcu.info/access/ebanking.cportcu.org.zip,#phishing,https://twitter.com/ecarlesi/status/1590890670377426944
2022-11-11 02:14:46,ecarlesi,url,https://gui8685.biz/,#malware,https://twitter.com/ecarlesi/status/1590890750144749568
2022-11-11 02:14:55,ecarlesi,url,http://informationdata54981.shop/,#phishing,https://twitter.com/ecarlesi/status/1590890786555858944
2022-11-11 02:16:16,ecarlesi,url,https://rmvacchd972.cfd/state%20employees'%20credit%20union.zip,#phishing,https://twitter.com/ecarlesi/status/1590891127577903105
2022-11-11 02:16:18,drb_ra,ip,37.1.209.160,#CobaltStrike,https://twitter.com/drb_ra/status/1590891134523506688
2022-11-11 02:16:22,ecarlesi,url,http://lpxz.art/,#phishing,https://twitter.com/ecarlesi/status/1590891151590330370
2022-11-11 02:16:40,ecarlesi,url,https://8569.voto/,#malware,https://twitter.com/ecarlesi/status/1590891228312522753
2022-11-11 02:16:50,ecarlesi,url,http://suresquareses.site/,#phishing,https://twitter.com/ecarlesi/status/1590891270183993345
2022-11-11 02:18:00,ecarlesi,url,http://jawsety.click/lag/square-rd971-new-detail-thank/,#phishing,https://twitter.com/ecarlesi/status/1590891561608306688
2022-11-11 02:18:02,ecarlesi,url,https://85542.football/,#malware,https://twitter.com/ecarlesi/status/1590891571011985409
2022-11-11 02:18:13,drb_ra,ip,8.218.110.254,#CobaltStrike,https://twitter.com/drb_ra/status/1590891616855904261
2022-11-11 02:18:49,ecarlesi,url,https://9973.voto/,#malware,https://twitter.com/ecarlesi/status/1590891766403604480
2022-11-11 02:18:58,drb_ra,ip,5.230.74.105,#CobaltStrike,https://twitter.com/drb_ra/status/1590891807894024192
2022-11-11 02:19:16,drb_ra,ip,13.231.199.195,#CobaltStrike,https://twitter.com/drb_ra/status/1590891880266465280
2022-11-11 02:19:16,drb_ra,ip,43.206.152.100,#CobaltStrike,https://twitter.com/drb_ra/status/1590891880266465280
2022-11-11 02:19:33,ecarlesi,url,https://atech-consulting.net/base/wp-content/uploads/2020/08/atech-cloud-bronchure.pdf,#malware,https://twitter.com/ecarlesi/status/1590891952744038406
2022-11-11 02:19:52,ecarlesi,url,https://esaz3.software/,#malware,https://twitter.com/ecarlesi/status/1590892031102095360
2022-11-11 02:20:35,ecarlesi,url,http://manzila.name/upload.zip,#phishing,https://twitter.com/ecarlesi/status/1590892213914968064
2022-11-11 02:20:41,ecarlesi,url,https://85632.voto/,#malware,https://twitter.com/ecarlesi/status/1590892235981135872
2022-11-11 02:20:45,ecarlesi,url,https://8568.football/,#malware,https://twitter.com/ecarlesi/status/1590892256029859840
2022-11-11 02:21:28,ecarlesi,url,http://8525.voto/,#malware,https://twitter.com/ecarlesi/status/1590892433386004480
2022-11-11 02:23:02,ecarlesi,url,https://auty111-buth.online/,#phishing,https://twitter.com/ecarlesi/status/1590892827365498882
2022-11-11 02:23:08,ecarlesi,url,http://pickup-chronopost.fr,#phishing,https://twitter.com/ecarlesi/status/1590892856411045888
2022-11-11 02:23:21,ecarlesi,url,https://secucvitaleinfo.fr,#phishing,https://twitter.com/ecarlesi/status/1590892909817217024
2022-11-11 02:23:25,ecarlesi,url,http://oneweekshop.shop/osaka/,#phishing,https://twitter.com/ecarlesi/status/1590892925319364610
2022-11-11 02:23:25,ecarlesi,url,https://ason-chartered.online/online%20%281%29.zip,#phishing,https://twitter.com/ecarlesi/status/1590892926678310914
2022-11-11 02:25:05,ecarlesi,url,http://comptesecure.fr/,#phishing,https://twitter.com/ecarlesi/status/1590893345093857280
2022-11-11 02:25:07,ecarlesi,url,https://tfre2.software/,#malware,https://twitter.com/ecarlesi/status/1590893354044518400
2022-11-11 02:25:23,ecarlesi,url,https://tgfr5.software/,#malware,https://twitter.com/ecarlesi/status/1590893420033503232
2022-11-11 02:25:25,ecarlesi,url,http://autocareproducts.shop/osaka.zip,#phishing,https://twitter.com/ecarlesi/status/1590893428615020544
2022-11-11 02:25:54,ecarlesi,url,https://8525.voto/,#malware,https://twitter.com/ecarlesi/status/1590893551981731841
2022-11-11 02:27:29,ecarlesi,url,http://caisse-epargne-moncompte.fr/,#phishing,https://twitter.com/ecarlesi/status/1590893948439916544
2022-11-11 02:29:22,ecarlesi,url,https://comptesecure.fr/,#phishing,https://twitter.com/ecarlesi/status/1590894423180656640
2022-11-11 02:29:44,ecarlesi,url,http://proactivemuscle.shop/osaka.zip,#phishing,https://twitter.com/ecarlesi/status/1590894516088852481
2022-11-11 02:32:10,ecarlesi,url,http://cadeolink.com.br/2kjs5t,#phishing,https://twitter.com/ecarlesi/status/1590895128503193601
2022-11-11 02:34:36,quicksandphish,url,https://zamsxgrvfc.duckdns.org,#phishing,https://twitter.com/quicksandphish/status/1590895741500723200
2022-11-11 02:35:38,quicksandphish,url,http://refer.forious.top/index.php,#phishing,https://twitter.com/quicksandphish/status/1590896001589465088
2022-11-11 02:37:32,ecarlesi,url,https://raynotracapt.buzz/ad21.zip,#phishing,https://twitter.com/ecarlesi/status/1590896479958360064
2022-11-11 02:37:50,ecarlesi,url,https://cadeolink.com.br/2kjs5t,#phishing,https://twitter.com/ecarlesi/status/1590896551714398213
2022-11-11 02:38:34,ecarlesi,url,http://muxitang.net/web/h5f0d0296__20210710140814.apk,#malware,https://twitter.com/ecarlesi/status/1590896738264571905
2022-11-11 02:39:59,ecarlesi,url,http://olqn.top/,#phishing,https://twitter.com/ecarlesi/status/1590897093131923457
2022-11-11 02:42:55,ecarlesi,url,http://cad0261cnd.tech/interac-e-transfer/updateverifyprss!/cwbank?key=,#phishing,https://twitter.com/ecarlesi/status/1590897834726785025
2022-11-11 02:44:22,ecarlesi,url,http://cad0261cnd.tech/interac-e-transfer/updateverifyprss!/cwbank/?key=,#phishing,https://twitter.com/ecarlesi/status/1590898197983109121
2022-11-11 02:51:49,romonlyht,ip,216.240.130.101,#phishing,https://twitter.com/romonlyht/status/1590900073663459328
2022-11-11 02:51:49,romonlyht,ip,34.97.116.5,#phishing,https://twitter.com/romonlyht/status/1590900073663459328
2022-11-11 02:51:49,romonlyht,url,https://cedom.hdcier.cn/,#phishing,https://twitter.com/romonlyht/status/1590900073663459328
2022-11-11 02:52:40,romonlyht,ip,198.55.103.85,#phishing,https://twitter.com/romonlyht/status/1590900285245100032
2022-11-11 02:52:40,romonlyht,ip,23.95.209.7,#phishing,https://twitter.com/romonlyht/status/1590900285245100032
2022-11-11 02:53:52,romonlyht,ip,23.247.42.212,#phishing,https://twitter.com/romonlyht/status/1590900587851567104
2022-11-11 02:53:52,romonlyht,url,https://inforeno.binancexa.com/,#phishing,https://twitter.com/romonlyht/status/1590900587851567104
2022-11-11 02:53:52,romonlyht,ip,35.190.227.93,#phishing,https://twitter.com/romonlyht/status/1590900587851567104
2022-11-11 02:55:06,romonlyht,url,https://services.maxcoinre.com/,#phishing,https://twitter.com/romonlyht/status/1590900897114357760
2022-11-11 02:55:51,romonlyht,url,https://s.amuezces-jp.icu/,#phishing,https://twitter.com/romonlyht/status/1590901087556730885
2022-11-11 02:55:51,romonlyht,ip,152.32.157.124,#phishing,https://twitter.com/romonlyht/status/1590901087556730885
2022-11-11 02:56:55,romonlyht,url,https://support.chotota.com/,#phishing,https://twitter.com/romonlyht/status/1590901354964615168
2022-11-11 02:59:30,ecarlesi,url,http://nftprowin.com/output.zip,#phishing,https://twitter.com/ecarlesi/status/1590902005593264130
2022-11-11 03:14:13,ecarlesi,url,https://boa-fva.online,#phishing,https://twitter.com/ecarlesi/status/1590905709872517121
2022-11-11 03:23:01,ecarlesi,url,http://asasuresqauere.top/,#phishing,https://twitter.com/ecarlesi/status/1590907926394568710
2022-11-11 03:31:08,ecarlesi,url,http://cryptofreeze.net/,#phishing,https://twitter.com/ecarlesi/status/1590909967510503424
2022-11-11 03:31:15,ecarlesi,url,https://2361.football/,#malware,https://twitter.com/ecarlesi/status/1590909994652045312
2022-11-11 03:31:19,ecarlesi,url,https://2219.apartments/,#malware,https://twitter.com/ecarlesi/status/1590910013895495684
2022-11-11 03:31:34,ecarlesi,url,https://livraison-chronopost.net,#phishing,https://twitter.com/ecarlesi/status/1590910076914655232
2022-11-11 03:31:39,ecarlesi,url,https://2595.football/,#malware,https://twitter.com/ecarlesi/status/1590910099173752832
2022-11-11 03:32:43,ecarlesi,url,https://bnteknoloji-kampanyapaketi2022.click/,#phishing,https://twitter.com/ecarlesi/status/1590910367269388289
2022-11-11 03:57:14,PhishStats,ip,31.31.198.215,#phishing,https://twitter.com/PhishStats/status/1590916534783905792
2022-11-11 03:57:14,PhishStats,url,http://u1826240.plsk.regruhosting.ru/,#phishing,https://twitter.com/PhishStats/status/1590916534783905792
2022-11-11 03:57:55,ecarlesi,url,http://bddkiade.online/,#phishing,https://twitter.com/ecarlesi/status/1590916708474183682
2022-11-11 03:59:04,ecarlesi,url,https://rewardapps.xyz/jiotower.apk,#malware,https://twitter.com/ecarlesi/status/1590916997612974081
2022-11-11 04:00:27,phishunt_io,url,https://facebook.kazimedia.in/,#phishing #scam,https://twitter.com/phishunt_io/status/1590917343894536193
2022-11-11 04:00:27,phishunt_io,ip,104.26.0.96,#phishing #scam,https://twitter.com/phishunt_io/status/1590917343894536193
2022-11-11 04:01:51,ecarlesi,url,https://cportcuonline.info/access/ebanking.cportcu.org.zip,#phishing,https://twitter.com/ecarlesi/status/1590917699034456066
2022-11-11 04:03:01,ecarlesi,url,https://nemesius.fr/user/login,#phishing,https://twitter.com/ecarlesi/status/1590917989032935426
2022-11-11 04:08:11,ecarlesi,url,https://abonnement-regularisation.fr,#phishing,https://twitter.com/ecarlesi/status/1590919291854987265
2022-11-11 04:11:23,ecarlesi,url,https://6437.voto/,#malware,https://twitter.com/ecarlesi/status/1590920095576264704
2022-11-11 04:12:45,ecarlesi,url,https://6506.apartments/,#malware,https://twitter.com/ecarlesi/status/1590920440477687809
2022-11-11 04:17:40,ecarlesi,url,https://6859.voto/,#malware,https://twitter.com/ecarlesi/status/1590921679147978752
2022-11-11 04:18:22,ecarlesi,url,http://digitalcoppel.online/,#phishing,https://twitter.com/ecarlesi/status/1590921855829180417
2022-11-11 04:18:57,ecarlesi,url,https://ptrf5.software/,#malware,https://twitter.com/ecarlesi/status/1590921999735738369
2022-11-11 04:37:06,ecarlesi,url,https://macarte-vital.net,#phishing,https://twitter.com/ecarlesi/status/1590926566523109377
2022-11-11 04:46:25,ecarlesi,url,https://standardinvestors.online/app-auth,#phishing,https://twitter.com/ecarlesi/status/1590928911201878017
2022-11-11 04:48:46,ecarlesi,url,http://chimera-services.com/20221109_chimera_08eb5da3fcd0d3cd1293_20221109082115_archive.zip,#phishing,https://twitter.com/ecarlesi/status/1590929502754177025
2022-11-11 04:54:40,ecarlesi,url,https://data-apps.live,#phishing,https://twitter.com/ecarlesi/status/1590930988632535040
2022-11-11 05:00:45,ecarlesi,url,https://stylishmediwear.com/admin%20(4).zip,#phishing,https://twitter.com/ecarlesi/status/1590932519049912324
2022-11-11 05:07:58,ecarlesi,url,http://data-app.site,#phishing,https://twitter.com/ecarlesi/status/1590934337029296128
2022-11-11 05:14:19,ecarlesi,url,https://pornhd18.click/ha0hyemmerhe0ad-appkh720-fj5sj.ondigitalocean.app-823%20%282%29.zip,#phishing,https://twitter.com/ecarlesi/status/1590935934769455104
2022-11-11 05:18:07,ecarlesi,url,https://3983.football/,#malware,https://twitter.com/ecarlesi/status/1590936892463546369
2022-11-11 05:18:08,ecarlesi,url,https://wnsr488.xyz/,#malware,https://twitter.com/ecarlesi/status/1590936895898484736
2022-11-11 05:18:10,ecarlesi,url,https://wnsr631.xyz/,#malware,https://twitter.com/ecarlesi/status/1590936904241131520
2022-11-11 05:18:10,ecarlesi,url,https://wnsr636.xyz/,#malware,https://twitter.com/ecarlesi/status/1590936904203063296
2022-11-11 05:18:53,d1savow3d,url,https://cubandating.tk/myfr/index.php,#phishing,https://twitter.com/d1savow3d/status/1590937082452537344
2022-11-11 05:32:17,ecarlesi,url,https://8360.football/,#malware,https://twitter.com/ecarlesi/status/1590940454845304833
2022-11-11 05:34:45,ecarlesi,url,http://stylishmediwear.com/admin%20(4).zip,#phishing,https://twitter.com/ecarlesi/status/1590941074268180480
2022-11-11 05:44:42,ecarlesi,url,http://457.doctor/,#malware,https://twitter.com/ecarlesi/status/1590943580063141890
2022-11-11 05:47:34,ecarlesi,url,http://458.doctor/,#malware,https://twitter.com/ecarlesi/status/1590944303295393792
2022-11-11 05:52:27,ecarlesi,url,http://459.doctor/,#malware,https://twitter.com/ecarlesi/status/1590945530783449088
2022-11-11 05:56:00,ecarlesi,url,https://acessmyoccu.top/info-verify/on.myoccu.org/,#phishing,https://twitter.com/ecarlesi/status/1590946422794223616
2022-11-11 06:01:07,AP_Zenmashi,url,https://epos.fgqcyy.shop,#phishing #scam,https://twitter.com/AP_Zenmashi/status/1590947712937361408
2022-11-11 06:02:21,RedPacketSec,md5,aa844ae958dadb5fc86af14fdf434172,#malware,https://twitter.com/RedPacketSec/status/1590948022640250881
2022-11-11 06:02:21,RedPacketSec,md5,5683f671522cf58a19f960e7250a3e92,#malware,https://twitter.com/RedPacketSec/status/1590948023852363776
2022-11-11 06:02:22,sloppy_bear,domain,relic5zqwemjnu4veilml6prgyedj6phs7de3udhicuq53z37klxm6qd.onion,#ransomware,https://twitter.com/sloppy_bear/status/1590948028105777152
2022-11-11 06:02:22,RedPacketSec,md5,404545f189bbaa8246cd98d6d0fb569e,#malware,https://twitter.com/RedPacketSec/status/1590948027535327233
2022-11-11 06:02:22,RedPacketSec,md5,3c79042a85c51720af23d4d67dc86a57,#malware,https://twitter.com/RedPacketSec/status/1590948026352553986
2022-11-11 06:02:22,RedPacketSec,md5,49b834869493d92252c49f321b1c911b,#malware,https://twitter.com/RedPacketSec/status/1590948025114906624
2022-11-11 06:02:23,RedPacketSec,md5,51a728f2efe044928bded5de75bbb85b,#malware #ransomware,https://twitter.com/RedPacketSec/status/1590948030777204741
2022-11-11 06:02:23,RedPacketSec,md5,ec2d88186ab07f5b27be0c7b6dbba8ca,#malware #ransomware,https://twitter.com/RedPacketSec/status/1590948028562776064
2022-11-11 06:02:23,RedPacketSec,md5,74a5bdb3d22b42e5b1cfd908adcb5a9e,#malware #ransomware,https://twitter.com/RedPacketSec/status/1590948029619503104
2022-11-11 06:02:23,RedPacketSec,md5,e91b9999c5206fb63cd10150ef7076a3,#malware #ransomware,https://twitter.com/RedPacketSec/status/1590948031838539776
2022-11-11 06:02:24,RedPacketSec,md5,d5f5c94606e452defe93cc2d32dd701a,#malware #ransomware,https://twitter.com/RedPacketSec/status/1590948035751825408
2022-11-11 06:02:24,RedPacketSec,md5,262e40d200028cbd38cc69f3aa64d0b7,#malware #ransomware,https://twitter.com/RedPacketSec/status/1590948034795413505
2022-11-11 06:02:24,RedPacketSec,md5,c1ad1ea02941334fbc1486205c45e42a,#malware #ransomware,https://twitter.com/RedPacketSec/status/1590948033767743489
2022-11-11 06:02:24,RedPacketSec,md5,13000ba439ac1656cb7eb1cd1cefc7d7,#malware #ransomware,https://twitter.com/RedPacketSec/status/1590948032656310272
2022-11-11 06:02:24,RedPacketSec,md5,0791dcb7252adcb7c0545b315ad0b24c,#malware #ransomware,https://twitter.com/RedPacketSec/status/1590948036603252736
2022-11-11 06:02:25,RedPacketSec,md5,6e080aa085293bb9fbdcc9015337d309,#malware,https://twitter.com/RedPacketSec/status/1590948038641520645
2022-11-11 06:02:25,RedPacketSec,md5,03d904af558e663f625206e274e10079,#malware,https://twitter.com/RedPacketSec/status/1590948037580697600
2022-11-11 06:02:25,RedPacketSec,md5,760b7e6a810644e590d70673b6f5e63a,#malware,https://twitter.com/RedPacketSec/status/1590948039828549632
2022-11-11 06:02:25,RedPacketSec,md5,49839f0c227b5f9399b59f6ae94a7c7b,#malware,https://twitter.com/RedPacketSec/status/1590948040772304896
2022-11-11 06:02:26,RedPacketSec,md5,6145140c63d544ad4c180add18649d90,#malware,https://twitter.com/RedPacketSec/status/1590948041821151232
2022-11-11 06:07:25,AzakaSekai_,md5,6e8340bc4f2721a119daae912064da1e,#Lazarus,https://twitter.com/AzakaSekai_/status/1590949298749177856
2022-11-11 06:07:25,AzakaSekai_,domain,mail.usengineergroup.com,#Lazarus,https://twitter.com/AzakaSekai_/status/1590949298749177856
2022-11-11 06:07:25,AzakaSekai_,ip,84.38.133.16,#Lazarus,https://twitter.com/AzakaSekai_/status/1590949298749177856
2022-11-11 06:09:29,ecarlesi,url,http://mein-lifesax.online/,#phishing,https://twitter.com/ecarlesi/status/1590949817966071808
2022-11-11 06:10:51,ecarlesi,url,https://mein-lifesax.online/,#phishing,https://twitter.com/ecarlesi/status/1590950161244725248
2022-11-11 06:10:51,ecarlesi,url,https://wwes.top/,#phishing,https://twitter.com/ecarlesi/status/1590950163014623232
2022-11-11 06:13:33,harugasumi,url,https://s.amusrerus-jp.icu,#phishing,https://twitter.com/harugasumi/status/1590950838629191680
2022-11-11 06:15:51,ecarlesi,url,https://mein-lifesax.online/depcorra,#phishing,https://twitter.com/ecarlesi/status/1590951419892314112
2022-11-11 06:16:51,ecarlesi,url,https://y388.monster/,#malware,https://twitter.com/ecarlesi/status/1590951669806039041
2022-11-11 06:19:21,ecarlesi,url,https://zred5.finance/,#malware,https://twitter.com/ecarlesi/status/1590952298213265408
2022-11-11 06:19:23,ecarlesi,url,https://mein-lifesax.online/depcorra/,#phishing,https://twitter.com/ecarlesi/status/1590952306925006848
2022-11-11 06:19:40,ecarlesi,url,https://drtg6.finance/,#malware,https://twitter.com/ecarlesi/status/1590952379939266560
2022-11-11 06:20:30,harugasumi,url,http://www.saissocn-co-jp.aacardnseen.qslple.top/,#phishing,https://twitter.com/harugasumi/status/1590952588421496832
2022-11-11 06:21:53,ecarlesi,url,https://yxdf2.software/,#malware,https://twitter.com/ecarlesi/status/1590952938419417088
2022-11-11 06:34:30,quicksandphish,url,http://geraldinen.top/client/index_sp.php,#phishing,https://twitter.com/quicksandphish/status/1590956112676720640
2022-11-11 06:35:30,quicksandphish,url,http://geraldinen.top/client/index.php,#phishing,https://twitter.com/quicksandphish/status/1590956365890998273
2022-11-11 06:55:22,nevaluoto,domain,officeproposaldocfile.site,#phishing,https://twitter.com/nevaluoto/status/1590961363094212610
2022-11-11 07:01:10,nevaluoto,domain,teslanov22.com,#phishing,https://twitter.com/nevaluoto/status/1590962824658190336
2022-11-11 07:14:19,Des00464472,domain,olidhealth.com,#malware #Lazarus,https://twitter.com/Des00464472/status/1590966132596695040
2022-11-11 07:35:59,BanChaos,url,http://wordpress.xinmoshiwang.com/list/oiovg/,#Emotet,https://twitter.com/BanChaos/status/1590971587469414400
2022-11-11 07:36:00,ecarlesi,url,http://data0sec1citizens.com/,#phishing,https://twitter.com/ecarlesi/status/1590971588006084614
2022-11-11 07:37:52,ecarlesi,url,https://facilele.com,#phishing,https://twitter.com/ecarlesi/status/1590972061459046400
2022-11-11 07:37:56,Cryptolaemus1,url,https://www.manchesterot.co.uk/about-us/kka/,,https://twitter.com/Cryptolaemus1/status/1590972076361277440
2022-11-11 07:37:56,Cryptolaemus1,url,http://bluefishdesign.com.au/css/ycc5rv9tiqxfblmxcwm/,,https://twitter.com/Cryptolaemus1/status/1590972076361277440
2022-11-11 07:37:56,Cryptolaemus1,url,http://m-ainsurance.com/wp-admin/1oj76janhaggwqehl5/,,https://twitter.com/Cryptolaemus1/status/1590972076361277440
2022-11-11 07:40:02,ecarlesi,url,http://data0sec1citizens.com/login.php?online_id=0ef9764744db28fae08b88d20&amp;country=&amp;iso=,#phishing,https://twitter.com/ecarlesi/status/1590972606131605504
2022-11-11 07:40:35,ecarlesi,url,http://informationdata128738.com/,#phishing,https://twitter.com/ecarlesi/status/1590972744141004800
2022-11-11 07:41:51,ecarlesi,url,https://w311sxfarg0.com/login/,#phishing,https://twitter.com/ecarlesi/status/1590973061033070597
2022-11-11 07:42:05,ecarlesi,url,http://informationdata35848.com/,#phishing,https://twitter.com/ecarlesi/status/1590973122748223490
2022-11-11 07:43:38,ecarlesi,sha256,9ad2cad6d9e6a523307001eec9b7b5819ad2cad6d9e6a523307001eec9b7b581,#phishing,https://twitter.com/ecarlesi/status/1590973508774928384
2022-11-11 07:45:33,ecarlesi,url,https://informationdata46588.com/,#phishing,https://twitter.com/ecarlesi/status/1590973991317274624
2022-11-11 07:46:51,ecarlesi,url,http://infosms-critair-gouv.com,#phishing,https://twitter.com/ecarlesi/status/1590974319471251456
2022-11-11 07:48:03,ecarlesi,url,https://trustwlet.com/,#phishing,https://twitter.com/ecarlesi/status/1590974621263740929
2022-11-11 07:49:04,ecarlesi,url,http://anazonn-validation.com,#phishing,https://twitter.com/ecarlesi/status/1590974876856328192
2022-11-11 07:50:14,ecarlesi,url,http://citihillcommercial.com/cgi-bin.zip,#phishing,https://twitter.com/ecarlesi/status/1590975173473468417
2022-11-11 07:50:48,romonlyht,ip,5.182.39.139,#phishing,https://twitter.com/romonlyht/status/1590975314783797248
2022-11-11 07:50:48,romonlyht,url,https://infababy.com/gdchjd/jhfjas/open/1almtls47kmkzcwjpxad88xbzt.php?0=,#phishing,https://twitter.com/romonlyht/status/1590975314783797248
2022-11-11 07:50:48,romonlyht,ip,178.79.179.71,#phishing,https://twitter.com/romonlyht/status/1590975314783797248
2022-11-11 07:50:56,ecarlesi,url,http://informationdata98122.com/,#phishing,https://twitter.com/ecarlesi/status/1590975346308165632
2022-11-11 07:54:53,harugasumi,url,http://13.124.177.10/,#phishing,https://twitter.com/harugasumi/status/1590976340362432514
2022-11-11 07:54:53,harugasumi,ip,13.124.177.10,#phishing,https://twitter.com/harugasumi/status/1590976340362432514
2022-11-11 08:01:31,phishunt_io,url,https://santander.com.uy.admin-mcas.ms/,#phishing #scam,https://twitter.com/phishunt_io/status/1590978010962087936
2022-11-11 08:01:31,phishunt_io,ip,199.59.243.222,#phishing #scam,https://twitter.com/phishunt_io/status/1590978010962087936
2022-11-11 08:04:29,ASEC_Analysis,url,https://aldina.jp/wp-admin/yvd46yh/,#Emotet,https://twitter.com/ASEC_Analysis/status/1590978758445764610
2022-11-11 08:04:29,ASEC_Analysis,url,https://www.alliance-habitat.com/cache/le8/,#Emotet,https://twitter.com/ASEC_Analysis/status/1590978758445764610
2022-11-11 08:04:29,ASEC_Analysis,url,https://anguklaw.com/microsoft-clearscript/ovgmlzj61/,#Emotet,https://twitter.com/ASEC_Analysis/status/1590978758445764610
2022-11-11 08:09:29,ASEC_Analysis,domain,minho128.kro.kr,#malware,https://twitter.com/ASEC_Analysis/status/1590980016309153793
2022-11-11 08:15:36,ASEC_Analysis,url,http://208.67.105.162/perez/five/fre.php,#AgentTesla #Lokibot,https://twitter.com/ASEC_Analysis/status/1590981555971051520
2022-11-11 08:15:36,ASEC_Analysis,ip,208.67.105.162,#AgentTesla #Lokibot,https://twitter.com/ASEC_Analysis/status/1590981555971051520
2022-11-11 08:16:12,ecarlesi,url,https://dtyf3.software/,#malware,https://twitter.com/ecarlesi/status/1590981708274335744
2022-11-11 08:16:17,ecarlesi,url,https://comnbaink.com/,#phishing,https://twitter.com/ecarlesi/status/1590981727740100608
2022-11-11 08:22:28,ecarlesi,url,http://7748.football/,#malware,https://twitter.com/ecarlesi/status/1590983283256410112
2022-11-11 08:23:19,ecarlesi,url,http://9182.football/,#malware,https://twitter.com/ecarlesi/status/1590983497816018944
2022-11-11 08:23:22,ecarlesi,url,http://262933.com/,#malware,https://twitter.com/ecarlesi/status/1590983509648281602
2022-11-11 08:23:24,ecarlesi,url,http://262939.com/,#malware,https://twitter.com/ecarlesi/status/1590983519567855616
2022-11-11 08:24:15,ecarlesi,url,http://3716.football/,#malware,https://twitter.com/ecarlesi/status/1590983732705386496
2022-11-11 08:25:22,ecarlesi,url,http://267998.com/,#malware,https://twitter.com/ecarlesi/status/1590984012939542528
2022-11-11 08:25:23,ecarlesi,url,http://268223.com/,#malware,https://twitter.com/ecarlesi/status/1590984017024786432
2022-11-11 08:25:23,ecarlesi,url,http://269667.com/,#malware,https://twitter.com/ecarlesi/status/1590984017284718592
2022-11-11 08:25:23,ecarlesi,url,http://267996.com/,#malware,https://twitter.com/ecarlesi/status/1590984017419325441
2022-11-11 08:25:23,ecarlesi,url,http://267757.com/,#malware,https://twitter.com/ecarlesi/status/1590984017532243969
2022-11-11 08:25:33,ecarlesi,url,http://267997.com/,#malware,https://twitter.com/ecarlesi/status/1590984060742115329
2022-11-11 08:25:56,ecarlesi,url,https://9182.football/,#malware,https://twitter.com/ecarlesi/status/1590984157945106433
2022-11-11 08:25:57,ecarlesi,url,https://7748.football/,#malware,https://twitter.com/ecarlesi/status/1590984162227494913
2022-11-11 08:29:41,BanChaos,url,https://swork.pl/de/8fj4xt/,#Emotet,https://twitter.com/BanChaos/status/1590985100476370944
2022-11-11 08:29:41,BanChaos,url,http://primefind.com/my_pictures/vjt203ncge/,#Emotet,https://twitter.com/BanChaos/status/1590985100476370944
2022-11-11 08:29:41,BanChaos,url,http://gla.ge/old_opera/drrgxxfy1osfv2/,#Emotet,https://twitter.com/BanChaos/status/1590985100476370944
2022-11-11 08:29:41,BanChaos,url,http://www.fullwiz.com.br/erros/wu9s9gad/,#Emotet,https://twitter.com/BanChaos/status/1590985100476370944
2022-11-11 08:30:25,ecarlesi,url,https://attchedrauicentrosur.com,#phishing,https://twitter.com/ecarlesi/status/1590985286325923840
2022-11-11 08:32:07,Cryptolaemus1,url,https://www.globallaborsupply.com/wp-admin/eaeuutop/,,https://twitter.com/Cryptolaemus1/status/1590985713574498304
2022-11-11 08:32:07,Cryptolaemus1,url,http://focusmedica.in/cg4yyrfcfismm7q94/,,https://twitter.com/Cryptolaemus1/status/1590985713574498304
2022-11-11 08:32:07,Cryptolaemus1,url,http://drpektas.com/vendor/wy8q9zebe9uodpet/,,https://twitter.com/Cryptolaemus1/status/1590985713574498304
2022-11-11 08:32:08,Cryptolaemus1,url,http://rud-tech.5v.pl/download/pl5/,,https://twitter.com/Cryptolaemus1/status/1590985714644439040
2022-11-11 08:39:07,harugasumi,url,https://rebrand.ly/c9716a,#phishing,https://twitter.com/harugasumi/status/1590987471801954304
2022-11-11 08:39:07,harugasumi,url,https://oandpbydesign.com/jp.php,#phishing,https://twitter.com/harugasumi/status/1590987471801954304
2022-11-11 08:39:07,harugasumi,ip,107.150.11.123,#phishing,https://twitter.com/harugasumi/status/1590987471801954304
2022-11-11 08:41:31,AtomSpam,url,https://www.fromdarknesstolight.co.za/,#phishing,https://twitter.com/AtomSpam/status/1590988077136232450
2022-11-11 08:41:31,AtomSpam,url,http://s.id/sicurezzabancaintesa,#phishing,https://twitter.com/AtomSpam/status/1590988077136232450
2022-11-11 08:42:36,AtomSpam,url,http://bireyseldenizsubehizmet.tk,#phishing,https://twitter.com/AtomSpam/status/1590988349241954307
2022-11-11 08:43:39,bunnymaid,url,https://sc-rbcroyabank1.com,#phishing,https://twitter.com/bunnymaid/status/1590988614326161408
2022-11-11 08:43:39,bunnymaid,url,https://blue-twitter.com,#phishing,https://twitter.com/bunnymaid/status/1590988614326161408
2022-11-11 08:43:39,bunnymaid,url,https://verification-twitterblue.com,#phishing,https://twitter.com/bunnymaid/status/1590988614326161408
2022-11-11 08:43:39,bunnymaid,url,https://verify-twitterblue.com,#phishing,https://twitter.com/bunnymaid/status/1590988614326161408
2022-11-11 08:43:39,bunnymaid,url,https://twitterblue-verify.com,#phishing,https://twitter.com/bunnymaid/status/1590988614326161408
2022-11-11 08:45:21,ecarlesi,url,https://veropaluu.live/be/beveiligde/omgeving/a.x.a/,#phishing,https://twitter.com/ecarlesi/status/1590989041905827840
2022-11-11 08:46:35,AtomSpam,url,http://bireyselsubesizgirisdeniz.ml,#phishing,https://twitter.com/AtomSpam/status/1590989353173385216
2022-11-11 08:48:16,ecarlesi,url,https://dkgreatawards.com/lander/white-fr--mx4-_1667055169/page3.html,#phishing,https://twitter.com/ecarlesi/status/1590989774411780096
2022-11-11 08:49:14,AtomSpam,url,http://coinbase-8ok1j837w-hr-meheraj.vercel.app,#phishing,https://twitter.com/AtomSpam/status/1590990019887792128
2022-11-11 08:49:41,ecarlesi,url,https://sessi0nveri01.com/,#phishing,https://twitter.com/ecarlesi/status/1590990132097986560
2022-11-11 08:50:26,AtomSpam,url,http://ayurgemayurveda.com,#phishing,https://twitter.com/AtomSpam/status/1590990321227530244
2022-11-11 08:51:39,AtomSpam,url,https://citisensbankverify.ath.cx,#phishing,https://twitter.com/AtomSpam/status/1590990627353014273
2022-11-11 08:52:26,AtomSpam,url,http://sitebuilder182155.dynadot.com,#phishing,https://twitter.com/AtomSpam/status/1590990825483386882
2022-11-11 08:53:48,AtomSpam,url,https://bmedonline.club,#phishing,https://twitter.com/AtomSpam/status/1590991168883474433
2022-11-11 08:54:30,ecarlesi,url,https://dspcloudservices.com,#phishing,https://twitter.com/ecarlesi/status/1590991343610114049
2022-11-11 08:54:43,AtomSpam,url,https://paypal-support-01.duckdns.org/login.html,#phishing,https://twitter.com/AtomSpam/status/1590991399003951104
2022-11-11 08:56:51,ecarlesi,url,https://wfargosecurity.com/,#phishing,https://twitter.com/ecarlesi/status/1590991936231510017
2022-11-11 08:59:27,ecarlesi,ip,1.5.42.1,#phishing,https://twitter.com/ecarlesi/status/1590992589636964352
2022-11-11 08:59:48,ecarlesi,url,http://suresquareses.com/square/,#phishing,https://twitter.com/ecarlesi/status/1590992680166854656
2022-11-11 09:00:09,AtomSpam,url,http://alpacaranchhouse.com,#phishing,https://twitter.com/AtomSpam/status/1590992767253360642
2022-11-11 09:00:40,AtomSpam,url,http://fibercom-laboratory.com,#phishing,https://twitter.com/AtomSpam/status/1590992896882507777
2022-11-11 09:01:22,AtomSpam,url,http://acikdenizkredim.cf,#phishing,https://twitter.com/AtomSpam/status/1590993072628064256
2022-11-11 09:02:04,siri_urz,md5,2456c01f5348e5c08f7e818d51862c1a,#ransomware,https://twitter.com/siri_urz/status/1590993250537525249
2022-11-11 09:02:04,siri_urz,md5,86344d7e6e5b371717313032632cbbe1,#ransomware,https://twitter.com/siri_urz/status/1590993250537525249
2022-11-11 09:02:44,ecarlesi,url,https://aureusloan.com,#phishing,https://twitter.com/ecarlesi/status/1590993418133463046
2022-11-11 09:03:07,ecarlesi,url,http://bozkayabilisim.com/bozkayabilisim.club.zip,#phishing,https://twitter.com/ecarlesi/status/1590993511524225026
2022-11-11 09:03:45,ecarlesi,url,http://kucoin-ucenter-signin.com/,#phishing,https://twitter.com/ecarlesi/status/1590993674640723968
2022-11-11 09:05:09,illegalFawn,url,https://newbeveragebank.com,#phishing #scam,https://twitter.com/illegalFawn/status/1590994024382488576
2022-11-11 09:05:09,illegalFawn,url,https://palitrust.com,#phishing #scam,https://twitter.com/illegalFawn/status/1590994024382488576
2022-11-11 09:05:09,illegalFawn,url,https://pasotrust.com,#phishing #scam,https://twitter.com/illegalFawn/status/1590994024382488576
2022-11-11 09:05:15,AP_Zenmashi,url,https://eki.netg.one,#phishing #scam,https://twitter.com/AP_Zenmashi/status/1590994049863122944
2022-11-11 09:05:15,AP_Zenmashi,ip,192.161.179.4,#phishing #scam,https://twitter.com/AP_Zenmashi/status/1590994049863122944
2022-11-11 09:07:32,ecarlesi,url,https://kucoin-ucenter-signin.com/,#phishing,https://twitter.com/ecarlesi/status/1590994624327618560
2022-11-11 09:10:29,ecarlesi,url,http://pandaposter.com/mingle-sap-php-script/mingle-v4.0.0.zip,#phishing,https://twitter.com/ecarlesi/status/1590995368619085825
2022-11-11 09:29:20,ecarlesi,url,https://carperme.com/,#phishing,https://twitter.com/ecarlesi/status/1591000109600358401
2022-11-11 09:30:23,ecarlesi,url,https://advengincmacduffcap.com/auth2/auth2/,#phishing,https://twitter.com/ecarlesi/status/1591000377184636931
2022-11-11 09:31:34,ecarlesi,url,http://livechatstudio.com/codecanyon-a1be8ggn-fully-saas-live-support-chat-cloud-chat-3.zip,#phishing,https://twitter.com/ecarlesi/status/1591000675038924801
2022-11-11 09:39:34,ecarlesi,url,https://monnerverse.tech,#phishing,https://twitter.com/ecarlesi/status/1591002685788020736
2022-11-11 09:40:02,dnstwist,domain,a-azon.com,#phishing,https://twitter.com/dnstwist/status/1591002803958341633
